    459.76, 225.0
    459.83, 219.0
    459.91, 211.0
    459.98, 217.0
    460.06, 212.0
    460.13, 218.0
    460.21, 228.0
    460.29, 232.0
    460.36, 221.0
    460.44, 236.0
    460.51, 239.0
    460.59, 240.0
    460.66, 235.0
    460.74, 238.0
    460.82, 229.0
    460.89, 224.0
    460.97, 224.0
    461.04, 231.0
    461.12, 234.0
    461.19, 225.0
    461.27, 215.0
    461.35, 223.0
    461.42, 245.0
    461.50, 245.0
    461.57, 241.0
    461.65, 230.0
    461.72, 229.0
    461.80, 228.0
    461.88, 236.0
    461.95, 243.0
    462.03, 242.0
    462.10, 237.0
    462.18, 226.0
    462.25, 234.0
    462.33, 246.0
    462.41, 244.0
    462.48, 226.0
    462.56, 230.0
    462.63, 233.0
    462.71, 229.0
    462.78, 229.0
    462.86, 230.0
    462.94, 240.0
    463.01, 245.0
    463.09, 242.0
    463.16, 232.0
    463.24, 235.0
    463.31, 248.0
    463.39, 250.0
    463.47, 241.0
    463.54, 232.0
    463.62, 237.0
    463.69, 237.0
    463.77, 234.0
    463.84, 237.0
    463.92, 238.0
    464.00, 227.0
    464.07, 233.0
    464.15, 246.0
    464.22, 244.0
    464.30, 225.0
    464.38, 232.0
    464.45, 251.0
    464.53, 253.0
    464.60, 228.0
    464.68, 214.0
    464.75, 217.0
    464.83, 235.0
    464.91, 250.0
    464.98, 256.0
    465.06, 245.0
    465.13, 238.0
    465.21, 247.0
    465.28, 250.0
    465.36, 241.0
    465.44, 232.0
    465.51, 235.0
    465.59, 244.0
    465.66, 236.0
    465.74, 228.0
    465.82, 228.0
    465.89, 236.0
    465.97, 246.0
    466.04, 253.0
    466.12, 258.0
    466.19, 258.0
    466.27, 260.0
    466.35, 247.0
    466.42, 237.0
    466.50, 235.0
    466.57, 244.0
    466.65, 237.0
    466.73, 228.0
    466.80, 228.0
    466.88, 238.0
    466.95, 238.0
    467.03, 228.0
    467.10, 228.0
    467.18, 235.0
    467.26, 241.0
    467.33, 241.0
    467.41, 236.0
    467.48, 230.0
    467.56, 248.0
    467.64, 254.0
    467.71, 240.0
    467.79, 219.0
    467.86, 228.0
    467.94, 242.0
    468.01, 249.0
    468.09, 252.0
    468.17, 246.0
    468.24, 253.0
    468.32, 242.0
    468.39, 239.0
    468.47, 234.0
    468.55, 241.0
    468.62, 246.0
    468.70, 247.0
    468.77, 253.0
    468.85, 242.0
    468.92, 238.0
    469.00, 241.0
    469.08, 244.0
    469.15, 239.0
    469.23, 234.0
    469.30, 242.0
    469.38, 241.0
    469.46, 241.0
    469.53, 241.0
    469.61, 243.0
    469.68, 234.0
    469.76, 239.0
    469.84, 242.0
    469.91, 255.0
    469.99, 241.0
    470.06, 241.0
    470.14, 227.0
    470.22, 242.0
    470.29, 238.0
    470.37, 240.0
    470.44, 234.0
    470.52, 242.0
    470.59, 240.0
    470.67, 247.0
    470.75, 242.0
    470.82, 246.0
    470.90, 237.0
    470.97, 235.0
    471.05, 226.0
    471.13, 235.0
    471.20, 247.0
    471.28, 252.0
    471.35, 264.0
    471.43, 266.0
    471.51, 259.0
    471.58, 244.0
    471.66, 239.0
    471.73, 247.0
    471.81, 249.0
    471.89, 247.0
    471.96, 240.0
    472.04, 241.0
    472.11, 241.0
    472.19, 241.0
    472.27, 241.0
    472.34, 240.0
    472.42, 247.0
    472.49, 248.0
    472.57, 245.0
    472.64, 244.0
    472.72, 253.0
    472.80, 260.0
    472.87, 251.0
    472.95, 257.0
    473.02, 254.0
    473.10, 257.0
    473.18, 246.0
    473.25, 245.0
    473.33, 244.0
    473.40, 253.0
    473.48, 258.0
    473.56, 259.0
    473.63, 252.0
    473.71, 251.0
    473.78, 247.0
    473.86, 246.0
    473.94, 242.0
    474.01, 259.0
    474.09, 264.0
    474.16, 269.0
    474.24, 257.0
    474.32, 255.0
    474.39, 248.0
    474.47, 264.0
    474.54, 263.0
    474.62, 267.0
    474.70, 268.0
    474.77, 276.0
    474.85, 269.0
    474.92, 262.0
    475.00, 255.0
    475.08, 264.0
    475.15, 259.0
    475.23, 254.0
    475.30, 255.0
    475.38, 264.0
    475.46, 268.0
    475.53, 263.0
    475.61, 261.0
    475.68, 258.0
    475.76, 276.0
    475.84, 277.0
    475.91, 272.0
    475.99, 261.0
    476.06, 266.0
    476.14, 273.0
    476.22, 281.0
    476.29, 285.0
    476.37, 280.0
    476.44, 279.0
    476.52, 273.0
    476.60, 274.0
    476.67, 274.0
    476.75, 274.0
    476.83, 272.0
    476.90, 278.0
    476.98, 280.0
    477.05, 284.0
    477.13, 279.0
    477.21, 285.0
    477.28, 278.0
    477.36, 291.0
    477.43, 285.0
    477.51, 297.0
    477.59, 284.0
    477.66, 295.0
    477.74, 290.0
    477.81, 297.0
    477.89, 288.0
    477.97, 290.0
    478.04, 289.0
    478.12, 296.0
    478.19, 297.0
    478.27, 299.0
    478.35, 301.0
    478.42, 307.0
    478.50, 309.0
    478.57, 296.0
    478.65, 285.0
    478.73, 289.0
    478.80, 299.0
    478.88, 294.0
    478.96, 293.0
    479.03, 302.0
    479.11, 307.0
    479.18, 308.0
    479.26, 301.0
    479.34, 297.0
    479.41, 306.0
    479.49, 316.0
    479.56, 311.0
    479.64, 303.0
    479.72, 310.0
    479.79, 318.0
    479.87, 322.0
    479.94, 327.0
    480.02, 332.0
    480.10, 323.0
    480.17, 309.0
    480.25, 303.0
    480.32, 311.0
    480.40, 312.0
    480.48, 316.0
    480.55, 314.0
    480.63, 334.0
    480.71, 339.0
    480.78, 327.0
    480.86, 317.0
    480.93, 324.0
    481.01, 330.0
    481.09, 317.0
    481.16, 309.0
    481.24, 309.0
    481.31, 318.0
    481.39, 323.0
    481.47, 322.0
    481.54, 322.0
    481.62, 320.0
    481.70, 326.0
    481.77, 334.0
    481.85, 341.0
    481.92, 334.0
    482.00, 327.0
    482.08, 320.0
    482.15, 327.0
    482.23, 334.0
    482.30, 340.0
    482.38, 336.0
    482.46, 343.0
    482.53, 353.0
    482.61, 345.0
    482.69, 335.0
    482.76, 331.0
    482.84, 338.0
    482.91, 343.0
    482.99, 345.0
    483.07, 348.0
    483.14, 349.0
    483.22, 350.0
    483.29, 346.0
    483.37, 350.0
    483.45, 351.0
    483.52, 341.0
    483.60, 339.0
    483.68, 355.0
    483.75, 366.0
    483.83, 348.0
    483.90, 339.0
    483.98, 338.0
    484.06, 349.0
    484.13, 347.0
    484.21, 360.0
    484.29, 368.0
    484.36, 368.0
    484.44, 360.0
    484.51, 347.0
    484.59, 346.0
    484.67, 350.0
    484.74, 352.0
    484.82, 342.0
    484.89, 336.0
    484.97, 342.0
    485.05, 350.0
    485.12, 356.0
    485.20, 348.0
    485.28, 348.0
    485.35, 343.0
    485.43, 349.0
    485.50, 343.0
    485.58, 348.0
    485.66, 350.0
    485.73, 351.0
    485.81, 339.0
    485.89, 346.0
    485.96, 356.0
    486.04, 366.0
    486.11, 359.0
    486.19, 365.0
    486.27, 360.0
    486.34, 358.0
    486.42, 357.0
    486.50, 366.0
    486.57, 373.0
    486.65, 367.0
    486.72, 351.0
    486.80, 350.0
    486.88, 356.0
    486.95, 361.0
    487.03, 351.0
    487.11, 358.0
    487.18, 366.0
    487.26, 373.0
    487.33, 364.0
    487.41, 369.0
    487.49, 367.0
    487.56, 369.0
    487.64, 362.0
    487.72, 375.0
    487.79, 383.0
    487.87, 383.0
    487.94, 374.0
    488.02, 369.0
    488.10, 369.0
    488.17, 377.0
    488.25, 372.0
    488.33, 368.0
    488.40, 363.0
    488.48, 370.0
    488.56, 374.0
    488.63, 382.0
    488.71, 389.0
    488.78, 380.0
    488.86, 379.0
    488.94, 382.0
    489.01, 384.0
    489.09, 368.0
    489.17, 361.0
    489.24, 361.0
    489.32, 382.0
    489.39, 386.0
    489.47, 381.0
    489.55, 368.0
    489.62, 370.0
    489.70, 369.0
    489.78, 369.0
    489.85, 375.0
    489.93, 379.0
    490.00, 369.0
    490.08, 365.0
    490.16, 378.0
    490.23, 383.0
    490.31, 378.0
    490.39, 381.0
    490.46, 387.0
    490.54, 388.0
    490.62, 380.0
    490.69, 378.0
    490.77, 380.0
    490.84, 387.0
    490.92, 386.0
    491.00, 388.0
    491.07, 380.0
    491.15, 379.0
    491.23, 380.0
    491.30, 389.0
    491.38, 380.0
    491.46, 378.0
    491.53, 382.0
    491.61, 382.0
    491.68, 380.0
    491.76, 375.0
    491.84, 381.0
    491.91, 377.0
    491.99, 374.0
    492.07, 373.0
    492.14, 381.0
    492.22, 388.0
    492.30, 386.0
    492.37, 386.0
    492.45, 387.0
    492.52, 379.0
    492.60, 382.0
    492.68, 392.0
    492.75, 405.0
    492.83, 404.0
    492.91, 399.0
    492.98, 384.0
    493.06, 375.0
    493.14, 386.0
    493.21, 395.0
    493.29, 391.0
    493.36, 384.0
    493.44, 386.0
    493.52, 386.0
    493.59, 384.0
    493.67, 390.0
    493.75, 399.0
    493.82, 399.0
    493.90, 390.0
    493.98, 384.0
    494.05, 388.0
    494.13, 379.0
    494.21, 383.0
    494.28, 394.0
    494.36, 398.0
    494.43, 398.0
    494.51, 411.0
    494.59, 409.0
    494.66, 404.0
    494.74, 405.0
    494.82, 399.0
    494.89, 380.0
    494.97, 383.0
    495.05, 400.0
    495.12, 398.0
    495.20, 394.0
    495.28, 397.0
    495.35, 398.0
    495.43, 394.0
    495.50, 396.0
    495.58, 404.0
    495.66, 396.0
    495.73, 393.0
    495.81, 402.0
    495.89, 411.0
    495.96, 408.0
    496.04, 400.0
    496.12, 402.0
    496.19, 401.0
    496.27, 407.0
    496.35, 408.0
    496.42, 415.0
    496.50, 410.0
    496.57, 410.0
    496.65, 398.0
    496.73, 406.0
    496.80, 415.0
    496.88, 417.0
    496.96, 400.0
    497.03, 391.0
    497.11, 402.0
    497.19, 410.0
    497.26, 413.0
    497.34, 407.0
    497.42, 413.0
    497.49, 408.0
    497.57, 405.0
    497.65, 411.0
    497.72, 422.0
    497.80, 427.0
    497.87, 409.0
    497.95, 418.0
    498.03, 416.0
    498.10, 413.0
    498.18, 399.0
    498.26, 402.0
    498.33, 401.0
    498.41, 406.0
    498.49, 414.0
    498.56, 419.0
    498.64, 416.0
    498.72, 424.0
    498.79, 424.0
    498.87, 431.0
    498.95, 419.0
    499.02, 416.0
    499.10, 411.0
    499.18, 418.0
    499.25, 422.0
    499.33, 431.0
    499.40, 430.0
    499.48, 426.0
    499.56, 430.0
    499.63, 431.0
    499.71, 421.0
    499.79, 422.0
    499.86, 424.0
    499.94, 433.0
    500.02, 437.0
    500.09, 442.0
    500.17, 428.0
    500.25, 426.0
    500.32, 429.0
    500.40, 434.0
    500.48, 439.0
    500.55, 441.0
    500.63, 439.0
    500.71, 438.0
    500.78, 442.0
    500.86, 439.0
    500.94, 433.0
    501.01, 434.0
    501.09, 435.0
    501.17, 434.0
    501.24, 436.0
    501.32, 429.0
    501.39, 423.0
    501.47, 415.0
    501.55, 423.0
    501.62, 429.0
    501.70, 436.0
    501.78, 434.0
    501.85, 433.0
    501.93, 438.0
    502.01, 446.0
    502.08, 453.0
    502.16, 445.0
    502.24, 442.0
    502.31, 445.0
    502.39, 451.0
    502.47, 450.0
    502.54, 449.0
    502.62, 456.0
    502.70, 458.0
    502.77, 455.0
    502.85, 452.0
    502.93, 462.0
    503.00, 468.0
    503.08, 460.0
    503.16, 458.0
    503.23, 462.0
    503.31, 464.0
    503.39, 453.0
    503.46, 454.0
    503.54, 455.0
    503.62, 465.0
    503.69, 468.0
    503.77, 471.0
    503.85, 469.0
    503.92, 479.0
    504.00, 479.0
    504.08, 470.0
    504.15, 463.0
    504.23, 473.0
    504.31, 468.0
    504.38, 465.0
    504.46, 454.0
    504.54, 461.0
    504.61, 453.0
    504.69, 465.0
    504.77, 468.0
    504.84, 475.0
    504.92, 458.0
    505.00, 464.0
    505.07, 467.0
    505.15, 476.0
    505.22, 481.0
    505.30, 491.0
    505.38, 489.0
    505.45, 477.0
    505.53, 469.0
    505.61, 468.0
    505.68, 478.0
    505.76, 484.0
    505.84, 482.0
    505.91, 482.0
    505.99, 484.0
    506.07, 477.0
    506.14, 477.0
    506.22, 466.0
    506.30, 462.0
    506.37, 463.0
    506.45, 479.0
    506.53, 485.0
    506.60, 476.0
    506.68, 473.0
    506.76, 481.0
    506.83, 497.0
    506.91, 495.0
    506.99, 486.0
    507.06, 481.0
    507.14, 482.0
    507.22, 482.0
    507.29, 482.0
    507.37, 483.0
    507.45, 477.0
    507.52, 474.0
    507.60, 476.0
    507.68, 487.0
    507.76, 496.0
    507.83, 489.0
    507.91, 479.0
    507.99, 475.0
    508.06, 482.0
    508.14, 487.0
    508.22, 490.0
    508.29, 486.0
    508.37, 486.0
    508.45, 490.0
    508.52, 487.0
    508.60, 487.0
    508.68, 490.0
    508.75, 488.0
    508.83, 481.0
    508.91, 481.0
    508.98, 488.0
    509.06, 491.0
    509.14, 482.0
    509.21, 474.0
    509.29, 470.0
    509.37, 480.0
    509.44, 488.0
    509.52, 501.0
    509.60, 499.0
    509.67, 492.0
    509.75, 491.0
    509.83, 486.0
    509.90, 499.0
    509.98, 495.0
    510.06, 499.0
    510.13, 487.0
    510.21, 487.0
    510.29, 478.0
    510.36, 492.0
    510.44, 501.0
    510.52, 507.0
    510.59, 486.0
    510.67, 485.0
    510.75, 478.0
    510.82, 481.0
    510.90, 476.0
    510.98, 478.0
    511.05, 474.0
    511.13, 477.0
    511.21, 477.0
    511.28, 475.0
    511.36, 471.0
    511.44, 477.0
    511.51, 474.0
    511.59, 465.0
    511.67, 461.0
    511.75, 474.0
    511.82, 479.0
    511.90, 475.0
    511.98, 471.0
    512.05, 475.0
    512.13, 478.0
    512.21, 477.0
    512.28, 481.0
    512.36, 482.0
    512.44, 471.0
    512.51, 459.0
    512.59, 472.0
    512.67, 487.0
    512.74, 472.0
    512.82, 463.0
    512.90, 458.0
    512.97, 473.0
    513.05, 474.0
    513.13, 471.0
    513.20, 465.0
    513.28, 464.0
    513.36, 471.0
    513.43, 479.0
    513.51, 479.0
    513.59, 470.0
    513.67, 466.0
    513.74, 461.0
    513.82, 455.0
    513.90, 473.0
    513.97, 479.0
    514.05, 463.0
    514.13, 455.0
    514.20, 469.0
    514.28, 473.0
    514.36, 463.0
    514.43, 472.0
    514.51, 474.0
    514.59, 472.0
    514.66, 467.0
    514.74, 457.0
    514.82, 445.0
    514.89, 448.0
    514.97, 462.0
    515.05, 475.0
    515.13, 470.0
    515.20, 458.0
    515.28, 451.0
    515.36, 463.0
    515.43, 462.0
    515.51, 459.0
    515.59, 461.0
    515.66, 468.0
    515.74, 466.0
    515.82, 468.0
    515.89, 461.0
    515.97, 457.0
    516.05, 464.0
    516.12, 472.0
    516.20, 471.0
    516.28, 463.0
    516.35, 447.0
    516.43, 446.0
    516.51, 454.0
    516.59, 450.0
    516.66, 445.0
    516.74, 456.0
    516.82, 471.0
    516.89, 455.0
    516.97, 450.0
    517.05, 455.0
    517.12, 469.0
    517.20, 466.0
    517.28, 469.0
    517.35, 456.0
    517.43, 452.0
    517.51, 450.0
    517.59, 461.0
    517.66, 462.0
    517.74, 464.0
    517.82, 453.0
    517.89, 454.0
    517.97, 458.0
    518.05, 457.0
    518.12, 444.0
    518.20, 443.0
    518.28, 446.0
    518.35, 446.0
    518.43, 441.0
    518.51, 449.0
    518.58, 458.0
    518.66, 462.0
    518.74, 452.0
    518.82, 444.0
    518.89, 430.0
    518.97, 436.0
    519.05, 450.0
    519.12, 463.0
    519.20, 469.0
    519.28, 462.0
    519.35, 453.0
    519.43, 454.0
    519.51, 457.0
    519.58, 463.0
    519.66, 451.0
    519.74, 448.0
    519.82, 443.0
    519.89, 451.0
    519.97, 451.0
    520.05, 449.0
    520.12, 455.0
    520.20, 462.0
    520.28, 468.0
    520.35, 467.0
    520.43, 462.0
    520.51, 454.0
    520.59, 446.0
    520.66, 460.0
    520.74, 470.0
    520.82, 473.0
    520.89, 466.0
    520.97, 461.0
    521.05, 458.0
    521.12, 461.0
    521.20, 468.0
    521.28, 468.0
    521.36, 459.0
    521.43, 464.0
    521.51, 468.0
    521.59, 473.0
    521.66, 466.0
    521.74, 462.0
    521.82, 453.0
    521.89, 451.0
    521.97, 469.0
    522.05, 469.0
    522.12, 470.0
    522.20, 461.0
    522.28, 465.0
    522.36, 458.0
    522.43, 468.0
    522.51, 459.0
    522.59, 462.0
    522.66, 475.0
    522.74, 475.0
    522.82, 463.0
    522.89, 453.0
    522.97, 461.0
    523.05, 455.0
    523.13, 458.0
    523.20, 466.0
    523.28, 475.0
    523.36, 470.0
    523.43, 469.0
    523.51, 480.0
    523.59, 473.0
    523.67, 466.0
    523.74, 472.0
    523.82, 479.0
    523.90, 476.0
    523.97, 473.0
    524.05, 472.0
    524.13, 463.0
    524.20, 469.0
    524.28, 478.0
    524.36, 477.0
    524.44, 474.0
    524.51, 476.0
    524.59, 483.0
    524.67, 483.0
    524.74, 478.0
    524.82, 470.0
    524.90, 464.0
    524.97, 470.0
    525.05, 480.0
    525.13, 480.0
    525.21, 468.0
    525.28, 472.0
    525.36, 497.0
    525.44, 503.0
    525.51, 497.0
    525.59, 487.0
    525.67, 487.0
    525.75, 481.0
    525.82, 480.0
    525.90, 492.0
    525.98, 488.0
    526.05, 483.0
    526.13, 473.0
    526.21, 487.0
    526.28, 494.0
    526.36, 501.0
    526.44, 494.0
    526.52, 485.0
    526.59, 484.0
    526.67, 498.0
    526.75, 506.0
    526.82, 503.0
    526.90, 496.0
    526.98, 499.0
    527.06, 492.0
    527.13, 495.0
    527.21, 505.0
    527.29, 511.0
    527.36, 507.0
    527.44, 510.0
    527.52, 511.0
    527.60, 502.0
    527.67, 495.0
    527.75, 502.0
    527.83, 510.0
    527.90, 515.0
    527.98, 515.0
    528.06, 509.0
    528.14, 506.0
    528.21, 509.0
    528.29, 515.0
    528.37, 515.0
    528.44, 507.0
    528.52, 513.0
    528.60, 510.0
    528.68, 513.0
    528.75, 508.0
    528.83, 510.0
    528.91, 508.0
    528.98, 502.0
    529.06, 512.0
    529.14, 522.0
    529.22, 528.0
    529.29, 517.0
    529.37, 519.0
    529.45, 520.0
    529.52, 525.0
    529.60, 520.0
    529.68, 519.0
    529.76, 516.0
    529.83, 528.0
    529.91, 526.0
    529.99, 523.0
    530.06, 524.0
    530.14, 532.0
    530.22, 530.0
    530.30, 532.0
    530.37, 526.0
    530.45, 517.0
    530.53, 516.0
    530.60, 526.0
    530.68, 534.0
    530.76, 524.0
    530.84, 528.0
    530.91, 531.0
    530.99, 542.0
    531.07, 543.0
    531.14, 544.0
    531.22, 535.0
    531.30, 531.0
    531.38, 525.0
    531.45, 524.0
    531.53, 519.0
    531.61, 531.0
    531.68, 533.0
    531.76, 538.0
    531.84, 527.0
    531.92, 542.0
    531.99, 545.0
    532.07, 547.0
    532.15, 534.0
    532.22, 540.0
    532.30, 547.0
    532.38, 556.0
    532.46, 553.0
    532.53, 545.0
    532.61, 548.0
    532.69, 547.0
    532.77, 548.0
    532.84, 547.0
    532.92, 548.0
    533.00, 547.0
    533.07, 549.0
    533.15, 542.0
    533.23, 540.0
    533.31, 536.0
    533.38, 539.0
    533.46, 546.0
    533.54, 560.0
    533.61, 566.0
    533.69, 559.0
    533.77, 550.0
    533.85, 549.0
    533.92, 561.0
    534.00, 557.0
    534.08, 560.0
    534.16, 565.0
    534.23, 571.0
    534.31, 557.0
    534.39, 552.0
    534.46, 539.0
    534.54, 543.0
    534.62, 555.0
    534.70, 562.0
    534.77, 552.0
    534.85, 547.0
    534.93, 539.0
    535.01, 550.0
    535.08, 558.0
    535.16, 554.0
    535.24, 535.0
    535.31, 546.0
    535.39, 560.0
    535.47, 564.0
    535.55, 564.0
    535.62, 558.0
    535.70, 555.0
    535.78, 558.0
    535.86, 566.0
    535.93, 565.0
    536.01, 557.0
    536.09, 554.0
    536.16, 563.0
    536.24, 572.0
    536.32, 569.0
    536.40, 562.0
    536.47, 564.0
    536.55, 564.0
    536.63, 559.0
    536.71, 549.0
    536.78, 549.0
    536.86, 566.0
    536.94, 566.0
    537.01, 562.0
    537.09, 552.0
    537.17, 551.0
    537.25, 552.0
    537.32, 555.0
    537.40, 550.0
    537.48, 555.0
    537.56, 567.0
    537.63, 571.0
    537.71, 556.0
    537.79, 555.0
    537.86, 558.0
    537.94, 566.0
    538.02, 558.0
    538.10, 550.0
    538.17, 551.0
    538.25, 555.0
    538.33, 551.0
    538.41, 550.0
    538.48, 559.0
    538.56, 564.0
    538.64, 563.0
    538.72, 563.0
    538.79, 562.0
    538.87, 569.0
    538.95, 571.0
    539.02, 569.0
    539.10, 563.0
    539.18, 559.0
    539.26, 551.0
    539.33, 544.0
    539.41, 553.0
    539.49, 555.0
    539.57, 550.0
    539.64, 555.0
    539.72, 566.0
    539.80, 570.0
    539.88, 563.0
    539.95, 560.0
    540.03, 545.0
    540.11, 542.0
    540.19, 554.0
    540.26, 566.0
    540.34, 563.0
    540.42, 560.0
    540.49, 574.0
    540.57, 577.0
    540.65, 580.0
    540.73, 568.0
    540.80, 568.0
    540.88, 568.0
    540.96, 567.0
    541.04, 555.0
    541.11, 547.0
    541.19, 564.0
    541.27, 571.0
    541.35, 576.0
    541.42, 562.0
    541.50, 568.0
    541.58, 558.0
    541.66, 561.0
    541.73, 564.0
    541.81, 561.0
    541.89, 554.0
    541.97, 544.0
    542.04, 566.0
    542.12, 555.0
    542.20, 550.0
    542.27, 540.0
    542.35, 542.0
    542.43, 537.0
    542.51, 551.0
    542.58, 568.0
    542.66, 569.0
    542.74, 562.0
    542.82, 563.0
    542.89, 565.0
    542.97, 556.0
    543.05, 561.0
    543.13, 566.0
    543.20, 570.0
    543.28, 560.0
    543.36, 567.0
    543.44, 577.0
    543.51, 574.0
    543.59, 573.0
    543.67, 571.0
    543.75, 563.0
    543.82, 553.0
    543.90, 563.0
    543.98, 573.0
    544.06, 569.0
    544.13, 561.0
    544.21, 563.0
    544.29, 562.0
    544.37, 567.0
    544.44, 576.0
    544.52, 576.0
    544.60, 566.0
    544.68, 567.0
    544.75, 571.0
    544.83, 569.0
    544.91, 560.0
    544.99, 568.0
    545.06, 574.0
    545.14, 579.0
    545.22, 583.0
    545.30, 593.0
    545.37, 586.0
    545.45, 583.0
    545.53, 572.0
    545.61, 589.0
    545.68, 587.0
    545.76, 589.0
    545.84, 580.0
    545.92, 592.0
    545.99, 592.0
    546.07, 583.0
    546.15, 580.0
    546.22, 568.0
    546.30, 556.0
    546.38, 563.0
    546.46, 594.0
    546.53, 607.0
    546.61, 595.0
    546.69, 586.0
    546.77, 588.0
    546.84, 601.0
    546.92, 608.0
    547.00, 608.0
    547.08, 600.0
    547.16, 588.0
    547.23, 589.0
    547.31, 584.0
    547.39, 590.0
    547.47, 583.0
    547.54, 595.0
    547.62, 596.0
    547.70, 608.0
    547.78, 602.0
    547.85, 600.0
    547.93, 593.0
    548.01, 600.0
    548.09, 603.0
    548.16, 602.0
    548.24, 588.0
    548.32, 589.0
    548.40, 584.0
    548.47, 588.0
    548.55, 588.0
    548.63, 601.0
    548.71, 607.0
    548.78, 612.0
    548.86, 609.0
    548.94, 618.0
    549.02, 612.0
    549.09, 616.0
    549.17, 605.0
    549.25, 615.0
    549.33, 611.0
    549.40, 624.0
    549.48, 610.0
    549.56, 614.0
    549.64, 612.0
    549.71, 618.0
    549.79, 609.0
    549.87, 611.0
    549.95, 609.0
    550.02, 617.0
    550.10, 617.0
    550.18, 621.0
    550.26, 622.0
    550.33, 628.0
    550.41, 627.0
    550.49, 626.0
    550.57, 631.0
    550.64, 640.0
    550.72, 633.0
    550.80, 621.0
    550.88, 625.0
    550.96, 635.0
    551.03, 638.0
    551.11, 634.0
    551.19, 632.0
    551.27, 626.0
    551.34, 626.0
    551.42, 632.0
    551.50, 639.0
    551.58, 646.0
    551.65, 638.0
    551.73, 637.0
    551.81, 632.0
    551.89, 638.0
    551.96, 630.0
    552.04, 641.0
    552.12, 650.0
    552.20, 658.0
    552.27, 647.0
    552.35, 641.0
    552.43, 641.0
    552.51, 647.0
    552.58, 654.0
    552.66, 661.0
    552.74, 653.0
    552.82, 654.0
    552.90, 642.0
    552.97, 644.0
    553.05, 647.0
    553.13, 667.0
    553.21, 666.0
    553.28, 666.0
    553.36, 652.0
    553.44, 650.0
    553.52, 658.0
    553.59, 673.0
    553.67, 671.0
    553.75, 669.0
    553.83, 664.0
    553.90, 670.0
    553.98, 664.0
    554.06, 669.0
    554.14, 667.0
    554.22, 687.0
    554.29, 691.0
    554.37, 686.0
    554.45, 670.0
    554.53, 682.0
    554.60, 676.0
    554.68, 673.0
    554.76, 667.0
    554.84, 681.0
    554.91, 689.0
    554.99, 688.0
    555.07, 678.0
    555.15, 678.0
    555.23, 688.0
    555.30, 688.0
    555.38, 678.0
    555.46, 677.0
    555.54, 686.0
    555.61, 690.0
    555.69, 689.0
    555.77, 689.0
    555.85, 690.0
    555.92, 695.0
    556.00, 703.0
    556.08, 707.0
    556.16, 711.0
    556.24, 719.0
    556.31, 725.0
    556.39, 719.0
    556.47, 710.0
    556.55, 711.0
    556.62, 715.0
    556.70, 711.0
    556.78, 711.0
    556.86, 715.0
    556.93, 711.0
    557.01, 711.0
    557.09, 714.0
    557.17, 709.0
    557.25, 714.0
    557.32, 733.0
    557.40, 732.0
    557.48, 719.0
    557.56, 716.0
    557.63, 725.0
    557.71, 722.0
    557.79, 728.0
    557.87, 728.0
    557.94, 741.0
    558.02, 730.0
    558.10, 729.0
    558.18, 733.0
    558.26, 746.0
    558.33, 731.0
    558.41, 725.0
    558.49, 729.0
    558.57, 733.0
    558.64, 727.0
    558.72, 732.0
    558.80, 733.0
    558.88, 739.0
    558.96, 738.0
    559.03, 740.0
    559.11, 730.0
    559.19, 742.0
    559.27, 745.0
    559.34, 737.0
    559.42, 721.0
    559.50, 738.0
    559.58, 752.0
    559.66, 756.0
    559.73, 755.0
    559.81, 755.0
    559.89, 754.0
    559.97, 762.0
    560.04, 759.0
    560.12, 746.0
    560.20, 745.0
    560.28, 764.0
    560.36, 769.0
    560.43, 763.0
    560.51, 764.0
    560.59, 778.0
    560.67, 771.0
    560.74, 775.0
    560.82, 771.0
    560.90, 761.0
    560.98, 745.0
    561.06, 749.0
    561.13, 752.0
    561.21, 764.0
    561.29, 773.0
    561.37, 782.0
    561.44, 783.0
    561.52, 783.0
    561.60, 780.0
    561.68, 783.0
    561.76, 782.0
    561.83, 787.0
    561.91, 786.0
    561.99, 782.0
    562.07, 773.0
    562.14, 784.0
    562.22, 789.0
    562.30, 788.0
    562.38, 786.0
    562.46, 793.0
    562.53, 794.0
    562.61, 799.0
    562.69, 795.0
    562.77, 788.0
    562.85, 778.0
    562.92, 781.0
    563.00, 788.0
    563.08, 788.0
    563.16, 788.0
    563.23, 788.0
    563.31, 786.0
    563.39, 799.0
    563.47, 803.0
    563.55, 799.0
    563.62, 783.0
    563.70, 798.0
    563.78, 802.0
    563.86, 803.0
    563.94, 796.0
    564.01, 811.0
    564.09, 812.0
    564.17, 809.0
    564.25, 804.0
    564.32, 800.0
    564.40, 792.0
    564.48, 785.0
    564.56, 792.0
    564.64, 801.0
    564.71, 799.0
    564.79, 796.0
    564.87, 799.0
    564.95, 801.0
    565.03, 791.0
    565.10, 791.0
    565.18, 800.0
    565.26, 807.0
    565.34, 800.0
    565.41, 793.0
    565.49, 784.0
    565.57, 795.0
    565.65, 806.0
    565.73, 805.0
    565.80, 793.0
    565.88, 780.0
    565.96, 784.0
    566.04, 792.0
    566.12, 812.0
    566.19, 811.0
    566.27, 809.0
    566.35, 803.0
    566.43, 804.0
    566.51, 805.0
    566.58, 798.0
    566.66, 797.0
    566.74, 795.0
    566.82, 786.0
    566.90, 781.0
    566.97, 802.0
    567.05, 804.0
    567.13, 788.0
    567.21, 778.0
    567.28, 793.0
    567.36, 801.0
    567.44, 799.0
    567.52, 794.0
    567.60, 811.0
    567.67, 815.0
    567.75, 807.0
    567.83, 796.0
    567.91, 804.0
    567.99, 809.0
    568.06, 809.0
    568.14, 815.0
    568.22, 808.0
    568.30, 813.0
    568.38, 816.0
    568.45, 812.0
    568.53, 800.0
    568.61, 797.0
    568.69, 806.0
    568.77, 796.0
    568.84, 802.0
    568.92, 806.0
    569.00, 810.0
    569.08, 804.0
    569.16, 794.0
    569.23, 784.0
    569.31, 778.0
    569.39, 798.0
    569.47, 809.0
    569.55, 799.0
    569.62, 787.0
    569.70, 792.0
    569.78, 812.0
    569.86, 812.0
    569.94, 810.0
    570.01, 795.0
    570.09, 803.0
    570.17, 801.0
    570.25, 803.0
    570.33, 795.0
    570.40, 809.0
    570.48, 817.0
    570.56, 814.0
    570.64, 812.0
    570.72, 809.0
    570.79, 808.0
    570.87, 806.0
    570.95, 815.0
    571.03, 823.0
    571.11, 817.0
    571.18, 802.0
    571.26, 795.0
    571.34, 797.0
    571.42, 811.0
    571.50, 811.0
    571.57, 813.0
    571.65, 822.0
    571.73, 826.0
    571.81, 807.0
    571.89, 799.0
    571.96, 804.0
    572.04, 815.0
    572.12, 813.0
    572.20, 828.0
    572.28, 824.0
    572.35, 813.0
    572.43, 802.0
    572.51, 795.0
    572.59, 807.0
    572.67, 814.0
    572.74, 810.0
    572.82, 792.0
    572.90, 796.0
    572.98, 816.0
    573.06, 818.0
    573.13, 819.0
    573.21, 814.0
    573.29, 816.0
    573.37, 812.0
    573.45, 813.0
    573.52, 826.0
    573.60, 829.0
    573.68, 818.0
    573.76, 816.0
    573.84, 823.0
    573.91, 821.0
    573.99, 812.0
    574.07, 807.0
    574.15, 820.0
    574.23, 817.0
    574.30, 814.0
    574.38, 799.0
    574.46, 808.0
    574.54, 816.0
    574.62, 821.0
    574.70, 821.0
    574.77, 815.0
    574.85, 807.0
    574.93, 801.0
    575.01, 811.0
    575.09, 805.0
    575.16, 808.0
    575.24, 799.0
    575.32, 803.0
    575.40, 795.0
    575.48, 808.0
    575.55, 815.0
    575.63, 822.0
    575.71, 817.0
    575.79, 803.0
    575.87, 792.0
    575.94, 808.0
    576.02, 823.0
    576.10, 831.0
    576.18, 824.0
    576.26, 830.0
    576.34, 832.0
    576.41, 833.0
    576.49, 826.0
    576.57, 813.0
    576.65, 812.0
    576.73, 813.0
    576.80, 828.0
    576.88, 824.0
    576.96, 814.0
    577.04, 804.0
    577.12, 794.0
    577.19, 785.0
    577.27, 775.0
    577.35, 777.0
    577.43, 796.0
    577.51, 820.0
    577.59, 828.0
    577.66, 817.0
    577.74, 825.0
    577.82, 828.0
    577.90, 821.0
    577.98, 807.0
    578.05, 795.0
    578.13, 801.0
    578.21, 804.0
    578.29, 819.0
    578.37, 826.0
    578.44, 838.0
    578.52, 837.0
    578.60, 830.0
    578.68, 831.0
    578.76, 821.0
    578.84, 817.0
    578.91, 811.0
    578.99, 823.0
    579.07, 837.0
    579.15, 846.0
    579.23, 835.0
    579.30, 833.0
    579.38, 830.0
    579.46, 842.0
    579.54, 824.0
    579.62, 829.0
    579.70, 812.0
    579.77, 825.0
    579.85, 813.0
    579.93, 823.0
    580.01, 823.0
    580.09, 843.0
    580.16, 841.0
    580.24, 847.0
    580.32, 841.0
    580.40, 845.0
    580.48, 846.0
    580.56, 851.0
    580.63, 850.0
    580.71, 852.0
    580.79, 844.0
    580.87, 848.0
    580.95, 853.0
    581.02, 857.0
    581.10, 851.0
    581.18, 846.0
    581.26, 843.0
    581.34, 853.0
    581.42, 856.0
    581.49, 849.0
    581.57, 845.0
    581.65, 853.0
    581.73, 848.0
    581.81, 862.0
    581.89, 863.0
    581.96, 870.0
    582.04, 873.0
    582.12, 881.0
    582.20, 873.0
    582.28, 856.0
    582.35, 847.0
    582.43, 844.0
    582.51, 850.0
    582.59, 856.0
    582.67, 862.0
    582.75, 869.0
    582.82, 867.0
    582.90, 867.0
    582.98, 867.0
    583.06, 866.0
    583.14, 871.0
    583.22, 880.0
    583.29, 876.0
    583.37, 884.0
    583.45, 905.0
    583.53, 905.0
    583.61, 882.0
    583.68, 880.0
    583.76, 894.0
    583.84, 883.0
    583.92, 880.0
    584.00, 886.0
    584.08, 890.0
    584.15, 882.0
    584.23, 882.0
    584.31, 882.0
    584.39, 887.0
    584.47, 895.0
    584.55, 897.0
    584.62, 911.0
    584.70, 909.0
    584.78, 902.0
    584.86, 889.0
    584.94, 908.0
    585.02, 900.0
    585.09, 905.0
    585.17, 895.0
    585.25, 899.0
    585.33, 892.0
    585.41, 906.0
    585.49, 910.0
    585.56, 920.0
    585.64, 918.0
    585.72, 923.0
    585.80, 926.0
    585.88, 932.0
    585.96, 931.0
    586.03, 931.0
    586.11, 931.0
    586.19, 931.0
    586.27, 930.0
    586.35, 938.0
    586.43, 933.0
    586.50, 930.0
    586.58, 918.0
    586.66, 922.0
    586.74, 935.0
    586.82, 952.0
    586.89, 952.0
    586.97, 951.0
    587.05, 953.0
    587.13, 958.0
    587.21, 954.0
    587.29, 953.0
    587.36, 947.0
    587.44, 946.0
    587.52, 951.0
    587.60, 960.0
    587.68, 960.0
    587.76, 950.0
    587.84, 952.0
    587.91, 952.0
    587.99, 963.0
    588.07, 959.0
    588.15, 966.0
    588.23, 969.0
    588.31, 978.0
    588.38, 965.0
    588.46, 971.0
    588.54, 983.0
    588.62, 986.0
    588.70, 976.0
    588.78, 985.0
    588.85, 985.0
    588.93, 990.0
    589.01, 984.0
    589.09, 988.0
    589.17, 988.0
    589.25, 1000.0
    589.32, 1007.0
    589.40, 1012.0
    589.48, 1010.0
    589.56, 1017.0
    589.64, 1019.0
    589.72, 1016.0
    589.79, 1015.0
    589.87, 1024.0
    589.95, 1029.0
    590.03, 1027.0
    590.11, 1031.0
    590.19, 1045.0
    590.26, 1055.0
    590.34, 1043.0
    590.42, 1040.0
    590.50, 1050.0
    590.58, 1039.0
    590.66, 1026.0
    590.74, 1032.0
    590.81, 1049.0
    590.89, 1035.0
    590.97, 1045.0
    591.05, 1065.0
    591.13, 1070.0
    591.21, 1058.0
    591.28, 1046.0
    591.36, 1058.0
    591.44, 1068.0
    591.52, 1074.0
    591.60, 1062.0
    591.68, 1064.0
    591.75, 1065.0
    591.83, 1075.0
    591.91, 1078.0
    591.99, 1082.0
    592.07, 1072.0
    592.15, 1089.0
    592.23, 1087.0
    592.30, 1074.0
    592.38, 1058.0
    592.46, 1077.0
    592.54, 1086.0
    592.62, 1081.0
    592.70, 1073.0
    592.77, 1080.0
    592.85, 1090.0
    592.93, 1092.0
    593.01, 1069.0
    593.09, 1057.0
    593.17, 1074.0
    593.24, 1097.0
    593.32, 1106.0
    593.40, 1094.0
    593.48, 1085.0
    593.56, 1078.0
    593.64, 1083.0
    593.72, 1082.0
    593.79, 1073.0
    593.87, 1078.0
    593.95, 1093.0
    594.03, 1097.0
    594.11, 1114.0
    594.19, 1112.0
    594.27, 1114.0
    594.34, 1097.0
    594.42, 1092.0
    594.50, 1083.0
    594.58, 1085.0
    594.66, 1097.0
    594.74, 1101.0
    594.81, 1120.0
    594.89, 1123.0
    594.97, 1118.0
    595.05, 1105.0
    595.13, 1106.0
    595.21, 1112.0
    595.29, 1123.0
    595.36, 1116.0
    595.44, 1105.0
    595.52, 1102.0
    595.60, 1104.0
    595.68, 1101.0
    595.76, 1097.0
    595.84, 1102.0
    595.91, 1102.0
    595.99, 1110.0
    596.07, 1109.0
    596.15, 1104.0
    596.23, 1096.0
    596.31, 1090.0
    596.38, 1096.0
    596.46, 1104.0
    596.54, 1109.0
    596.62, 1108.0
    596.70, 1109.0
    596.78, 1103.0
    596.86, 1101.0
    596.93, 1097.0
    597.01, 1103.0
    597.09, 1096.0
    597.17, 1109.0
    597.25, 1105.0
    597.33, 1109.0
    597.41, 1090.0
    597.48, 1094.0
    597.56, 1098.0
    597.64, 1107.0
    597.72, 1092.0
    597.80, 1107.0
    597.88, 1113.0
    597.96, 1121.0
    598.03, 1097.0
    598.11, 1096.0
    598.19, 1079.0
    598.27, 1109.0
    598.35, 1121.0
    598.43, 1116.0
    598.51, 1098.0
    598.58, 1074.0
    598.66, 1069.0
    598.74, 1076.0
    598.82, 1092.0
    598.90, 1080.0
    598.98, 1073.0
    599.06, 1080.0
    599.13, 1090.0
    599.21, 1088.0
    599.29, 1082.0
    599.37, 1099.0
    599.45, 1103.0
    599.53, 1094.0
    599.61, 1089.0
    599.68, 1102.0
    599.76, 1091.0
    599.84, 1089.0
    599.92, 1088.0
    600.00, 1093.0
    600.08, 1081.0
    600.16, 1081.0
    600.23, 1074.0
    600.31, 1075.0
    600.39, 1081.0
    600.47, 1084.0
    600.55, 1081.0
    600.63, 1072.0
    600.71, 1088.0
    600.78, 1086.0
    600.86, 1079.0
    600.94, 1070.0
    601.02, 1071.0
    601.10, 1075.0
    601.18, 1073.0
    601.26, 1077.0
    601.33, 1061.0
    601.41, 1082.0
    601.49, 1081.0
    601.57, 1081.0
    601.65, 1069.0
    601.73, 1075.0
    601.81, 1058.0
    601.89, 1050.0
    601.96, 1062.0
    602.04, 1064.0
    602.12, 1057.0
    602.20, 1053.0
    602.28, 1060.0
    602.36, 1068.0
    602.44, 1056.0
    602.51, 1055.0
    602.59, 1058.0
    602.67, 1058.0
    602.75, 1036.0
    602.83, 1050.0
    602.91, 1052.0
    602.99, 1030.0
    603.06, 1008.0
    603.14, 1033.0
    603.22, 1049.0
    603.30, 1049.0
    603.38, 1049.0
    603.46, 1049.0
    603.54, 1031.0
    603.62, 1022.0
    603.69, 1034.0
    603.77, 1047.0
    603.85, 1046.0
    603.93, 1040.0
    604.01, 1031.0
    604.09, 1032.0
    604.17, 1035.0
    604.25, 1034.0
    604.32, 1024.0
    604.40, 1036.0
    604.48, 1055.0
    604.56, 1054.0
    604.64, 1043.0
    604.72, 1031.0
    604.80, 1014.0
    604.87, 1006.0
    604.95, 1020.0
    605.03, 1028.0
    605.11, 1009.0
    605.19, 1010.0
    605.27, 1012.0
    605.35, 1002.0
    605.43, 985.0
    605.50, 992.0
    605.58, 989.0
    605.66, 967.0
    605.74, 954.0
    605.82, 954.0
    605.90, 973.0
    605.98, 986.0
    606.06, 1003.0
    606.13, 1011.0
    606.21, 1004.0
    606.29, 992.0
    606.37, 989.0
    606.45, 1000.0
    606.53, 984.0
    606.61, 989.0
    606.68, 980.0
    606.76, 994.0
    606.84, 992.0
    606.92, 1005.0
    607.00, 990.0
    607.08, 983.0
    607.16, 978.0
    607.24, 986.0
    607.31, 986.0
    607.39, 994.0
    607.47, 974.0
    607.55, 974.0
    607.63, 981.0
    607.71, 995.0
    607.79, 991.0
    607.87, 981.0
    607.94, 979.0
    608.02, 969.0
    608.10, 970.0
    608.18, 955.0
    608.26, 962.0
    608.34, 960.0
    608.42, 961.0
    608.50, 963.0
    608.58, 969.0
    608.65, 956.0
    608.73, 950.0
    608.81, 962.0
    608.89, 959.0
    608.97, 964.0
    609.05, 955.0
    609.13, 956.0
    609.21, 947.0
    609.28, 956.0
    609.36, 940.0
    609.44, 939.0
    609.52, 942.0
    609.60, 951.0
    609.68, 942.0
    609.76, 941.0
    609.84, 937.0
    609.91, 942.0
    609.99, 942.0
    610.07, 949.0
    610.15, 947.0
    610.23, 947.0
    610.31, 947.0
    610.39, 946.0
    610.47, 954.0
    610.54, 950.0
    610.62, 942.0
    610.70, 924.0
    610.78, 923.0
    610.86, 932.0
    610.94, 942.0
    611.02, 932.0
    611.10, 916.0
    611.18, 919.0
    611.25, 922.0
    611.33, 925.0
    611.41, 926.0
    611.49, 933.0
    611.57, 931.0
    611.65, 938.0
    611.73, 940.0
    611.81, 939.0
    611.88, 925.0
    611.96, 925.0
    612.04, 920.0
    612.12, 924.0
    612.20, 925.0
    612.28, 933.0
    612.36, 927.0
    612.44, 919.0
    612.52, 913.0
    612.59, 915.0
    612.67, 913.0
    612.75, 923.0
    612.83, 912.0
    612.91, 905.0
    612.99, 905.0
    613.07, 905.0
    613.15, 904.0
    613.23, 913.0
    613.30, 919.0
    613.38, 901.0
    613.46, 896.0
    613.54, 904.0
    613.62, 911.0
    613.70, 917.0
    613.78, 914.0
    613.86, 922.0
    613.94, 917.0
    614.01, 914.0
    614.09, 908.0
    614.17, 923.0
    614.25, 917.0
    614.33, 913.0
    614.41, 909.0
    614.49, 911.0
    614.57, 908.0
    614.65, 904.0
    614.72, 910.0
    614.80, 906.0
    614.88, 902.0
    614.96, 906.0
    615.04, 927.0
    615.12, 919.0
    615.20, 906.0
    615.28, 893.0
    615.36, 899.0
    615.43, 893.0
    615.51, 893.0
    615.59, 897.0
    615.67, 900.0
    615.75, 913.0
    615.83, 898.0
    615.91, 904.0
    615.99, 896.0
    616.07, 899.0
    616.14, 893.0
    616.22, 900.0
    616.30, 904.0
    616.38, 913.0
    616.46, 913.0
    616.54, 903.0
    616.62, 904.0
    616.70, 906.0
    616.78, 911.0
    616.85, 905.0
    616.93, 912.0
    617.01, 899.0
    617.09, 902.0
    617.17, 905.0
    617.25, 920.0
    617.33, 912.0
    617.41, 903.0
    617.49, 903.0
    617.57, 913.0
    617.64, 913.0
    617.72, 1383.0
    617.80, 1031.0
    617.88, 497.0
    617.96, 140.0
618.04, 140.0
